"Message",Low,"Iniciando compilação do .NET Native"
"Message",Low,""
"Message",Low,""
"Message",Low,"Tarefa ""Gatekeeper"""
"Message",Normal,"Iniciando 'C:\Program Files (x86)\Microsoft SDKs\UWPNuGetPackages\runtime.win10-x64.microsoft.net.native.compiler\2.1.8\tools\x64\ilc\ilc.exe --gatekeeper @""C:\POSI-DigitalPrinter\posi-digitalprinter\posi-digitalprinter-uwp\obj\x64\Release\ilc\intermediate\gkargs.rsp""'"
"Message",Low,"Microsoft (R) .NET Native Gatekeeper Vers�o 2.1.26424.01 "
"Message",Low,"Copyright (C) Microsoft Corporation.  All rights reserved. "
"Message",Low," "
"Message",Low,"ILCTelemetry: System.ArgumentException: Could not deserialize to TelemetrySession object"
"Message",Low,"Nome do par�metro: serializedSession ---> System.Runtime.Serialization.SerializationException: Houve um erro ao desserializar o objeto do tipo Microsoft.VisualStudio.Telemetry.TelemetrySessionSettings. Espera-se o token '""', mas 'A' encontrado. ---> System.Xml.XmlException: Espera-se o token '""', mas 'A' encontrado."
"Message",Low,"   em System.Xml.XmlExceptionHelper.ThrowXmlException(XmlDictionaryReader reader, String res, String arg1, String arg2, String arg3)"
"Message",Low,"   em System.Runtime.Serialization.Json.XmlJsonReader.ReadServerTypeAttribute(Boolean consumedObjectChar)"
"Message",Low,"   em System.Runtime.Serialization.Json.XmlJsonReader.ReadAttributes()"
"Message",Low,"   em System.Runtime.Serialization.Json.XmlJsonReader.ReadNonExistentElementName(StringHandleConstStringType elementName)"
"Message",Low,"   em System.Runtime.Serialization.Json.XmlJsonReader.Read()"
"Message",Low,"   em System.Xml.XmlBaseReader.IsStartElement()"
"Message",Low,"   em System.Xml.XmlBaseReader.IsStartElement(XmlDictionaryString localName, XmlDictionaryString namespaceUri)"
"Message",Low,"   em System.Runtime.Serialization.XmlReaderDelegator.IsStartElement(XmlDictionaryString localname, XmlDictionaryString ns)"
"Message",Low,"   em System.Runtime.Serialization.XmlObjectSerializer.IsRootElement(XmlReaderDelegator reader, DataContract contract, XmlDictionaryString name, XmlDictionaryString ns)"
"Message",Low,"   em System.Runtime.Serialization.Json.DataContractJsonSerializer.InternalIsStartObject(XmlReaderDelegator reader)"
"Message",Low,"   em System.Runtime.Serialization.Json.DataContractJsonSerializer.InternalReadObject(XmlReaderDelegator xmlReader, Boolean verifyObjectName)"
"Message",Low,"   em System.Runtime.Serialization.XmlObjectSerializer.InternalReadObject(XmlReaderDelegator reader, Boolean verifyObjectName, DataContractResolver dataContractResolver)"
"Message",Low,"   em System.Runtime.Serialization.XmlObjectSerializer.ReadObjectHandleExceptions(XmlReaderDelegator reader, Boolean verifyObjectName, DataContractResolver dataContractResolver)"
"Message",Low,"   --- Fim do rastreamento de pilha de exce��es internas ---"
"Message",Low,"   em System.Runtime.Serialization.XmlObjectSerializer.ReadObjectHandleExceptions(XmlReaderDelegator reader, Boolean verifyObjectName, DataContractResolver dataContractResolver)"
"Message",Low,"   em System.Runtime.Serialization.Json.DataContractJsonSerializer.ReadObject(XmlDictionaryReader reader)"
"Message",Low,"   em System.Runtime.Serialization.Json.DataContractJsonSerializer.ReadObject(Stream stream)"
"Message",Low,"   em Microsoft.VisualStudio.Telemetry.TelemetrySessionSettings.Deserialize(String settings)"
"Message",Low,"   em Microsoft.VisualStudio.Telemetry.TelemetrySessionSettings.Parse(String serializedSession)"
"Message",Low,"   --- Fim do rastreamento de pilha de exce��es internas ---"
"Message",Low,"   em Microsoft.VisualStudio.Telemetry.TelemetrySessionSettings.Parse(String serializedSession)"
"Message",Low,"   em ILCTelemetry.Program.ReadEvents()"
"Message",Low,"   em ILCTelemetry.Program.Main(String[] args)"
"Message",Low,"Verificando o assembly 'C:\POSI-DigitalPrinter\posi-digitalprinter\posi-digitalprinter-uwp\obj\x64\Release\ilc\in\Flurl.dll'. "
"Message",Low,"Verificando o assembly 'C:\POSI-DigitalPrinter\posi-digitalprinter\posi-digitalprinter-uwp\obj\x64\Release\ilc\in\Flurl.Http.dll'. "
"Message",Low,"Verificando o assembly 'C:\POSI-DigitalPrinter\posi-digitalprinter\posi-digitalprinter-uwp\obj\x64\Release\ilc\in\Microsoft.AspNet.SignalR.Client.dll'. "
"Message",Low,"Verificando o assembly 'C:\POSI-DigitalPrinter\posi-digitalprinter\posi-digitalprinter-uwp\obj\x64\Release\ilc\in\Newtonsoft.Json.dll'. "
"Message",Low,"Verificando o assembly 'C:\POSI-DigitalPrinter\posi-digitalprinter\posi-digitalprinter-uwp\obj\x64\Release\ilc\in\POSIDigitalPrinter.exe'. "
"Message",Low,"Verificando o assembly 'C:\POSI-DigitalPrinter\posi-digitalprinter\posi-digitalprinter-uwp\obj\x64\Release\ilc\in\POSIDigitalPrinterAPIUtil.dll'. "
"Message",Low,"Verificando o assembly 'C:\POSI-DigitalPrinter\posi-digitalprinter\posi-digitalprinter-uwp\obj\x64\Release\ilc\in\System.Net.Http.Extensions.dll'. "
"Message",Normal,"'C:\Program Files (x86)\Microsoft SDKs\UWPNuGetPackages\runtime.win10-x64.microsoft.net.native.compiler\2.1.8\tools\x64\ilc\ilc.exe --gatekeeper @""C:\POSI-DigitalPrinter\posi-digitalprinter\posi-digitalprinter-uwp\obj\x64\Release\ilc\intermediate\gkargs.rsp""' concluído."
"Message",Normal,"Estatísticas de execução do processo (todos os horários em milissegundos)"
"Message",Normal,"-----------------------------------------------------------------------------"
"Message",Normal,"inicialização  |  iniciar   |   parar  |   término   | duração | tempo de vida | nome [slot]"
"Message",Normal,"-----------------------------------------------------------------------------"
"Message",Normal,"       0 |       63 |      391 |      391 |      328 |      391 | [0] Gatekeeper"
"Message",Normal,"Número de comandos:      1"
"Message",Normal,"Tempo do sistema total:       391 ms"
"Message",Normal,"Tempo do sistema por comando: 391 ms"
"Message",Normal,"Duração total:          328 ms"
"Message",Normal,"Tempo de vida total:          391 ms"
"Message",Normal,"DOP solicitado:           8"
"Message",Normal,"DOP de Duração:            0,8"
"Message",Normal,"DOP de tempo de vida:            1,0"
"Message",Low,"Concluída a execução da tarefa ""Gatekeeper""."
"Message",Low,"Destino de compilação pronto ""RunGatekeeper"" no arquivo ""Preparation""."
"Message",Low,""
"Message",Low,"Destino de compilação pronto ""CreateToolchainGeneratedAssembly"" no arquivo ""Preparation""."
"Message",Low,""
"Message",Low,"Tarefa ""PreMergeAssemblyClosure"""
"Message",Low,"Concluída a execução da tarefa ""PreMergeAssemblyClosure""."
"Message",Low,"Destino de compilação pronto ""ConstructPreMergeAssemblyClosure"" no arquivo ""Preparation""."
"Message",Low,""
"Message",Low,"Tarefa ""McgReferenceResolveFilePath"""
"Message",Low,"Concluída a execução da tarefa ""McgReferenceResolveFilePath""."
"Message",Low,"Destino de compilação pronto ""PreResolveTransforms"" no arquivo ""Preparation""."
"Message",Low,""
"Message",Low,"Tarefa ""ResolveToolchainRequiredAssemblyRoots"""
"Message",Low,"Concluída a execução da tarefa ""ResolveToolchainRequiredAssemblyRoots""."
"Message",Low,"Tarefa ""ILTransformAssemblyClosure"""
"Message",Low,"Concluída a execução da tarefa ""ILTransformAssemblyClosure""."
"Message",Low,"Tarefa ""ResolveToolchainRequiredAssemblyRoots"""
"Message",Low,"Concluída a execução da tarefa ""ResolveToolchainRequiredAssemblyRoots""."
"Message",Low,"Tarefa ""ReducedCopyAssemblyClosure"""
"Message",Low,"Concluída a execução da tarefa ""ReducedCopyAssemblyClosure""."
"Message",Low,"Destino de compilação pronto ""ConstructILTransformAssemblyClosure"" no arquivo ""Preparation""."
"Message",Low,"Projeto de compilação pronto ""Preparation""."
"Message",Low,""
"Message",Low,""
"Message",High,"Processando o código do aplicativo"
"Message",Low,"Tarefa ""RunILTransforms"""
"Message",Normal,"Executando a transformação 'DumpNativeResources', heap em 21 MB."
"Message",Normal,"Executando a transformação 'Analysis', heap em 35 MB."
"Message",Low,"Carregando 108 módulos..."
"Message",Normal,"Diretivas de reflexão importadas de 15 arquivos:"
"Message",Normal,"C:\POSI-DigitalPrinter\posi-digitalprinter\posi-digitalprinter-uwp\obj\x64\Release\ilc\in\Properties\Default.rd.xml"
"Message",Normal,"Manifesto incorporado no System.Private.Interop:Resources.System.Private.Interop.rd.xml"
"Message",Normal,"Manifesto incorporado no System.Private.WinRTInterop.CoreLib:Resources.System.Private.WinRTInterop.CoreLib.rd.xml"
"Message",Normal,"Manifesto incorporado no System.Runtime.WindowsRuntime.UI.Xaml:Resources.System.Runtime.WindowsRuntime.UI.Xaml.rd.xml"
"Message",Normal,"Manifesto incorporado no System.Net.Primitives:Resources.System.Net.Primitives.rd.xml"
"Message",Normal,"Manifesto incorporado no System.Private.CoreLib:Resources.System.Private.CoreLib.rd.xml"
"Message",Normal,"Manifesto incorporado no System.Private.Uri:Resources.System.Private.Uri.rd.xml"
"Message",Normal,"Manifesto incorporado no System.Private.Reflection.Core:System.Private.Reflection.Core.rd.xml"
"Message",Normal,"Manifesto incorporado no System.Linq.Expressions:System.Linq.Expressions.Resources.System.Linq.Expressions.rd.xml"
"Message",Normal,"Manifesto incorporado no System.Private.Xml:System.Xml.Resources.System.Private.Xml.rd.xml"
"Message",Normal,"Manifesto incorporado no System.Runtime.Serialization.Formatters:System.Runtime.Serialization.Formatters.Resources.System.Runtime.Serialization.Formatters.rd.xml"
"Message",Normal,"Manifesto incorporado no System.ComponentModel.TypeConverter:System.ComponentModel.TypeConverter.Resources.System.ComponentModel.TypeConverter.rd.xml"
"Message",Normal,"Manifesto incorporado no System.Runtime.Serialization.Primitives:System.Runtime.Serialization.Primitives.Resources.System.Runtime.Serialization.Primitives.rd.xml"
"Message",Normal,"Manifesto incorporado no System.Data.Common:Resources.System.Data.Common.rd.xml"
"Message",Normal,"Newtonsoft.Json"
"Message",Normal,"Raízes de XAML importadas de 1 arquivos:"
"Message",Normal,"C:\POSI-DigitalPrinter\posi-digitalprinter\posi-digitalprinter-uwp\obj\x64\Release\ilc\in\POSIDigitalPrinter.xr.xml"
"Message",Normal,"Executando a transformação 'Mcg', heap em 269 MB."
"Message",High,"Computando fechamento de aplicativo e gerando código de interoperabilidade"
"Message",High,"  Loading 108 modules..."
"Message",Normal,"          P/Invoke 'RhpGetFuncEvalParameterBufferSize' with [DllImport(ExactSpelling=true)] resolved to '[MRT]!RhpGetFuncEvalParameterBufferSize'."
"Message",Normal,"          P/Invoke 'RhpGetFuncEvalMode' with [DllImport(ExactSpelling=true)] resolved to '[MRT]!RhpGetFuncEvalMode'."
"Message",Normal,"          P/Invoke 'RhpRecordDebuggeeInitiatedHandle' with [DllImport(ExactSpelling=true)] resolved to '[MRT]!RhpRecordDebuggeeInitiatedHandle'."
"Message",Normal,"          P/Invoke 'RhpVerifyDebuggerCleanup' with [DllImport(ExactSpelling=true)] resolved to '[MRT]!RhpVerifyDebuggerCleanup'."
"Message",Normal,"          P/Invoke 'RhpGetCurrentThread' with [DllImport(ExactSpelling=true)] resolved to '[MRT]!RhpGetCurrentThread'."
"Message",Normal,"          P/Invoke 'RhWaitForPendingFinalizers' with [DllImport(ExactSpelling=true)] resolved to '[MRT]!RhWaitForPendingFinalizers'."
"Message",Normal,"          P/Invoke 'RhYield' with [DllImport(ExactSpelling=true)] resolved to '[MRT]!RhYield'."
"Message",Normal,"          P/Invoke 'RhFlushProcessWriteBuffers' with [DllImport(ExactSpelling=true)] resolved to '[MRT]!RhFlushProcessWriteBuffers'."
"Message",Normal,"          P/Invoke 'RhCompatibleReentrantWaitAny' with [DllImport(ExactSpelling=true)] resolved to '[MRT]!RhCompatibleReentrantWaitAny'."
"Message",Normal,"          P/Invoke 'RhCallDescrWorker' with [DllImport(ExactSpelling=true)] resolved to '[MRT]!RhCallDescrWorker'."
"Message",Normal,"          P/Invoke '_ecvt_s' with [DllImport(ExactSpelling=true)] resolved to '[MRT]!_ecvt_s'."
"Message",Normal,"          P/Invoke 'memmove' with [DllImport(ExactSpelling=true)] resolved to '[MRT]!memmove'."
"Message",Normal,"          P/Invoke 'memset' with [DllImport(ExactSpelling=true)] resolved to '[MRT]!memset'."
"Message",Normal,"          P/Invoke 'CallingConventionConverter_GetStubs' with [DllImport(ExactSpelling=true)] resolved to '*!CallingConventionConverter_GetStubs'."
"Message",Normal,"          P/Invoke 'WindowsCreateStringReference' resolved to 'WindowsCreateStringReference!api-ms-win-core-winrt-string-l1-1-0.dll' from 'SupportedAPIs.xml'."
"Message",Normal,"          P/Invoke 'GetLastError' resolved to 'GetLastError!api-ms-win-core-errorhandling-l1-1-0.dll' from 'SupportedAPIs.xml'."
"Message",Normal,"          P/Invoke 'SetLastError' resolved to 'SetLastError!api-ms-win-core-errorhandling-l1-1-0.dll' from 'SupportedAPIs.xml'."
"Message",Normal,"          P/Invoke 'RoInitialize' resolved to 'RoInitialize!api-ms-win-core-winrt-l1-1-0.dll' from 'SupportedAPIs.xml'."
"Message",Normal,"          P/Invoke 'IsValidLocaleName' resolved to 'IsValidLocaleName!api-ms-win-core-localization-l1-2-0.dll' from 'SupportedAPIs.xml'."
"Message",Normal,"          P/Invoke 'ResolveLocaleName' resolved to 'ResolveLocaleName!api-ms-win-core-localization-l1-2-0.dll' from 'SupportedAPIs.xml'."
"Message",Normal,"          P/Invoke 'CertDuplicateCertificateContext' resolved to 'CertDuplicateCertificateContext!crypt32.dll' from 'SupportedAPIs.xml'."
"Message",Normal,"          P/Invoke 'CertGetCertificateContextProperty' resolved to 'CertGetCertificateContextProperty!crypt32.dll' from 'SupportedAPIs.xml'."
"Message",Normal,"          P/Invoke 'GetCPInfoExW' resolved to 'GetCPInfoExW!kernel32.dll' from 'SupportedAPIs.xml'."
"Message",Normal,"          P/Invoke 'CryptQueryObject' resolved to 'CryptQueryObject!crypt32.dll' from 'SupportedAPIs.xml'."
"Message",Normal,"          P/Invoke 'CertDuplicateCertificateContext' resolved to 'CertDuplicateCertificateContext!crypt32.dll' from 'SupportedAPIs.xml'."
"Message",Normal,"          P/Invoke 'CertFreeCertificateContext' resolved to 'CertFreeCertificateContext!crypt32.dll' from 'SupportedAPIs.xml'."
"Message",Normal,"          P/Invoke 'CryptMsgGetParam' resolved to 'CryptMsgGetParam!crypt32.dll' from 'SupportedAPIs.xml'."
"Message",Normal,"          P/Invoke 'CryptMsgGetParam' resolved to 'CryptMsgGetParam!crypt32.dll' from 'SupportedAPIs.xml'."
"Message",Normal,"          P/Invoke 'PFXImportCertStore' resolved to 'PFXImportCertStore!crypt32.dll' from 'SupportedAPIs.xml'."
"Message",Normal,"          P/Invoke 'CryptFindOIDInfo' resolved to 'CryptFindOIDInfo!crypt32.dll' from 'SupportedAPIs.xml'."
"Message",Normal,"          P/Invoke 'CoCreateInstance' with [DllImport(ExactSpelling=true)] resolved to 'api-ms-win-core-com-l1-1-0.dll!CoCreateInstance'."
"Message",Normal,"          P/Invoke 'GetCurrentProcessId' resolved to 'GetCurrentProcessId!kernel32.dll' from 'SupportedAPIs.xml'."
"Message",Normal,"          P/Invoke 'CertGetCertificateContextProperty' resolved to 'CertGetCertificateContextProperty!crypt32.dll' from 'SupportedAPIs.xml'."
"Message",Normal,"          P/Invoke 'CertCloseStore' resolved to 'CertCloseStore!crypt32.dll' from 'SupportedAPIs.xml'."
"Message",Normal,"          P/Invoke 'CryptMsgClose' resolved to 'CryptMsgClose!crypt32.dll' from 'SupportedAPIs.xml'."
"Warning",,0,0,"      MCG : warning MCG0007: Unresolved P/Invoke method 'advapi32.dll!RegCloseKey' for method 'System.Int32 Interop.Advapi32.RegCloseKey(System.IntPtr)'. Calling this method would throw exception at runtime. Please make sure the P/Invoke either points to a Windows API allowed in UWP applications, or a native DLL that is part of the package. If for some reason your P/Invoke does not satisfy those requirements, please use [DllImport(ExactSpelling=true) to indicate that you understand the implications of using non-UWP APIs."
"Message",Normal,"          P/Invoke 'CreateDirectoryW' resolved to 'CreateDirectoryW!kernel32.dll' from 'SupportedAPIs.xml'."
"Message",Normal,"          P/Invoke 'CertFindCertificateInStore' resolved to 'CertFindCertificateInStore!crypt32.dll' from 'SupportedAPIs.xml'."
"Message",Normal,"          P/Invoke 'CryptAcquireContextW' resolved to 'CryptAcquireContextW!advapi32.dll' from 'SupportedAPIs.xml'."
"Message",Normal,"          P/Invoke 'CertEnumCertificatesInStore' resolved to 'CertEnumCertificatesInStore!crypt32.dll' from 'SupportedAPIs.xml'."
"Message",Normal,"          P/Invoke 'WSAGetOverlappedResult' resolved to 'WSAGetOverlappedResult!ws2_32.dll' from 'SupportedAPIs.xml'."
"Message",Normal,"          P/Invoke 'SysFreeString' resolved to 'SysFreeString!OleAut32' from 'SupportedAPIs.xml'."
"Message",Normal,"          P/Invoke 'CertGetNameStringW' resolved to 'CertGetNameStringW!crypt32.dll' from 'SupportedAPIs.xml'."
"Message",Normal,"          P/Invoke 'FormatMessageW' resolved to 'FormatMessageW!kernel32.dll' from 'SupportedAPIs.xml'."
"Warning",,0,0,"      MCG : warning MCG0007: Unresolved P/Invoke method 'advapi32.dll!RegOpenKeyExW' for method 'System.Int32 Interop.Advapi32.RegOpenKeyEx(Microsoft.Win32.SafeHandles.SafeRegistryHandle, System.String, System.Int32, System.Int32, Microsoft.Win32.SafeHandles.SafeRegistryHandle)'. Calling this method would throw exception at runtime. Please make sure the P/Invoke either points to a Windows API allowed in UWP applications, or a native DLL that is part of the package. If for some reason your P/Invoke does not satisfy those requirements, please use [DllImport(ExactSpelling=true) to indicate that you understand the implications of using non-UWP APIs."
"Warning",,0,0,"      MCG : warning MCG0007: Unresolved P/Invoke method 'advapi32.dll!RegQueryValueExW' for method 'System.Int32 Interop.Advapi32.RegQueryValueEx(Microsoft.Win32.SafeHandles.SafeRegistryHandle, System.String, System.Int32[], System.Int32, System.Byte[], System.Int32)'. Calling this method would throw exception at runtime. Please make sure the P/Invoke either points to a Windows API allowed in UWP applications, or a native DLL that is part of the package. If for some reason your P/Invoke does not satisfy those requirements, please use [DllImport(ExactSpelling=true) to indicate that you understand the implications of using non-UWP APIs."
"Warning",,0,0,"      MCG : warning MCG0007: Unresolved P/Invoke method 'advapi32.dll!RegQueryValueExW' for method 'System.Int32 Interop.Advapi32.RegQueryValueEx(Microsoft.Win32.SafeHandles.SafeRegistryHandle, System.String, System.Int32[], System.Int32, System.Int64, System.Int32)'. Calling this method would throw exception at runtime. Please make sure the P/Invoke either points to a Windows API allowed in UWP applications, or a native DLL that is part of the package. If for some reason your P/Invoke does not satisfy those requirements, please use [DllImport(ExactSpelling=true) to indicate that you understand the implications of using non-UWP APIs."
"Warning",,0,0,"      MCG : warning MCG0007: Unresolved P/Invoke method 'advapi32.dll!RegQueryValueExW' for method 'System.Int32 Interop.Advapi32.RegQueryValueEx(Microsoft.Win32.SafeHandles.SafeRegistryHandle, System.String, System.Int32[], System.Int32, System.Int32, System.Int32)'. Calling this method would throw exception at runtime. Please make sure the P/Invoke either points to a Windows API allowed in UWP applications, or a native DLL that is part of the package. If for some reason your P/Invoke does not satisfy those requirements, please use [DllImport(ExactSpelling=true) to indicate that you understand the implications of using non-UWP APIs."
"Warning",,0,0,"      MCG : warning MCG0007: Unresolved P/Invoke method 'advapi32.dll!RegQueryValueExW' for method 'System.Int32 Interop.Advapi32.RegQueryValueEx(Microsoft.Win32.SafeHandles.SafeRegistryHandle, System.String, System.Int32[], System.Int32, System.Char[], System.Int32)'. Calling this method would throw exception at runtime. Please make sure the P/Invoke either points to a Windows API allowed in UWP applications, or a native DLL that is part of the package. If for some reason your P/Invoke does not satisfy those requirements, please use [DllImport(ExactSpelling=true) to indicate that you understand the implications of using non-UWP APIs."
"Message",Normal,"          P/Invoke 'CertGetNameStringW' resolved to 'CertGetNameStringW!crypt32.dll' from 'SupportedAPIs.xml'."
"Message",Normal,"          P/Invoke 'GetNetworkParams' resolved to 'GetNetworkParams!iphlpapi.dll' from 'SupportedAPIs.xml'."
"Message",Normal,"          P/Invoke 'LocalAlloc' resolved to 'LocalAlloc!kernel32.dll' from 'SupportedAPIs.xml'."
"Message",Normal,"          P/Invoke 'SetThreadErrorMode' resolved to 'SetThreadErrorMode!kernel32.dll' from 'SupportedAPIs.xml'."
"Message",Normal,"          P/Invoke 'GetFileAttributesExW' resolved to 'GetFileAttributesExW!kernel32.dll' from 'SupportedAPIs.xml'."
"Message",Normal,"          P/Invoke 'FindFirstFileExW' resolved to 'FindFirstFileExW!kernel32.dll' from 'SupportedAPIs.xml'."
"Message",Normal,"          P/Invoke 'NCryptOpenKey' resolved to 'NCryptOpenKey!ncrypt.dll' from 'SupportedAPIs.xml'."
"Message",Normal,"          P/Invoke 'CryptGetKeyParam' resolved to 'CryptGetKeyParam!advapi32.dll' from 'SupportedAPIs.xml'."
"Message",Normal,"          P/Invoke 'CryptFindOIDInfo' resolved to 'CryptFindOIDInfo!crypt32.dll' from 'SupportedAPIs.xml'."
"Message",Normal,"          P/Invoke 'LocalFree' resolved to 'LocalFree!kernel32.dll' from 'SupportedAPIs.xml'."
"Message",Normal,"          P/Invoke 'NCryptDeleteKey' resolved to 'NCryptDeleteKey!ncrypt.dll' from 'SupportedAPIs.xml'."
"Message",Normal,"          P/Invoke 'NCryptOpenStorageProvider' resolved to 'NCryptOpenStorageProvider!ncrypt.dll' from 'SupportedAPIs.xml'."
"Message",Normal,"          P/Invoke 'CertGetCertificateChain' resolved to 'CertGetCertificateChain!crypt32.dll' from 'SupportedAPIs.xml'."
"Message",Normal,"          P/Invoke 'CryptGetDefaultProviderW' resolved to 'CryptGetDefaultProviderW!advapi32.dll' from 'SupportedAPIs.xml'."
"Message",Normal,"          P/Invoke 'CryptAcquireContextW' resolved to 'CryptAcquireContextW!advapi32.dll' from 'SupportedAPIs.xml'."
"Message",Normal,"          P/Invoke 'CryptGetProvParam' resolved to 'CryptGetProvParam!advapi32.dll' from 'SupportedAPIs.xml'."
"Message",Normal,"          P/Invoke 'CryptGetUserKey' resolved to 'CryptGetUserKey!advapi32.dll' from 'SupportedAPIs.xml'."
"Message",Normal,"          P/Invoke 'setsockopt' resolved to 'setsockopt!ws2_32.dll' from 'SupportedAPIs.xml'."
"Message",Normal,"          P/Invoke 'setsockopt' resolved to 'setsockopt!ws2_32.dll' from 'SupportedAPIs.xml'."
"Message",Normal,"          P/Invoke 'CertVerifyCertificateChainPolicy' resolved to 'CertVerifyCertificateChainPolicy!crypt32.dll' from 'SupportedAPIs.xml'."
"Message",Normal,"          P/Invoke 'FindClose' resolved to 'FindClose!kernel32.dll' from 'SupportedAPIs.xml'."
"Message",Normal,"          P/Invoke 'CertNameToStrW' resolved to 'CertNameToStrW!crypt32.dll' from 'SupportedAPIs.xml'."
"Message",Normal,"          P/Invoke 'CryptFormatObject' resolved to 'CryptFormatObject!crypt32.dll' from 'SupportedAPIs.xml'."
"Message",Normal,"          P/Invoke 'FormatMessageW' resolved to 'FormatMessageW!kernel32.dll' from 'SupportedAPIs.xml'."
"Message",Normal,"          P/Invoke 'CertAddCertificateLinkToStore' resolved to 'CertAddCertificateLinkToStore!crypt32.dll' from 'SupportedAPIs.xml'."
"Message",Normal,"          P/Invoke 'FormatMessageW' resolved to 'FormatMessageW!kernel32.dll' from 'SupportedAPIs.xml'."
"Message",Normal,"          P/Invoke 'CryptDestroyKey' resolved to 'CryptDestroyKey!advapi32.dll' from 'SupportedAPIs.xml'."
"Message",Normal,"          P/Invoke 'CryptFormatObject' resolved to 'CryptFormatObject!crypt32.dll' from 'SupportedAPIs.xml'."
"Message",Normal,"          P/Invoke 'CertControlStore' resolved to 'CertControlStore!crypt32.dll' from 'SupportedAPIs.xml'."
"Message",Normal,"          P/Invoke 'CertOpenStore' resolved to 'CertOpenStore!crypt32.dll' from 'SupportedAPIs.xml'."
"Message",Normal,"          P/Invoke 'FormatMessageW' resolved to 'FormatMessageW!kernel32.dll' from 'SupportedAPIs.xml'."
"Message",Normal,"          P/Invoke 'CryptImportPublicKeyInfoEx2' resolved to 'CryptImportPublicKeyInfoEx2!crypt32.dll' from 'SupportedAPIs.xml'."
"Message",Normal,"          P/Invoke 'BCryptExportKey' resolved to 'BCryptExportKey!BCrypt.dll' from 'SupportedAPIs.xml'."
"Message",Normal,"          P/Invoke 'CryptDecodeObject' resolved to 'CryptDecodeObject!crypt32.dll' from 'SupportedAPIs.xml'."
"Message",Normal,"          P/Invoke 'CertFreeCertificateChain' resolved to 'CertFreeCertificateChain!crypt32.dll' from 'SupportedAPIs.xml'."
"Message",Normal,"          P/Invoke 'CryptReleaseContext' resolved to 'CryptReleaseContext!advapi32.dll' from 'SupportedAPIs.xml'."
"Message",Normal,"          P/Invoke 'NCryptFreeObject' resolved to 'NCryptFreeObject!ncrypt.dll' from 'SupportedAPIs.xml'."
"Message",Normal,"          P/Invoke 'RoGetBufferMarshaler' resolved to 'RoGetBufferMarshaler!api-ms-win-core-winrt-robuffer-l1-1-0.dll' from 'SupportedAPIs.xml'."
"Message",Normal,"          P/Invoke 'FormatMessageW' resolved to 'FormatMessageW!kernel32.dll' from 'SupportedAPIs.xml'."
"Message",Normal,"          P/Invoke 'FormatMessageW' resolved to 'FormatMessageW!kernel32.dll' from 'SupportedAPIs.xml'."
"Message",Normal,"          P/Invoke 'BCryptGetProperty' resolved to 'BCryptGetProperty!BCrypt.dll' from 'SupportedAPIs.xml'."
"Message",Normal,"          P/Invoke 'NCryptImportKey' resolved to 'NCryptImportKey!ncrypt.dll' from 'SupportedAPIs.xml'."
"Message",Normal,"          P/Invoke 'NCryptGetProperty' resolved to 'NCryptGetProperty!ncrypt.dll' from 'SupportedAPIs.xml'."
"Message",Normal,"          P/Invoke 'CryptImportKey' resolved to 'CryptImportKey!advapi32.dll' from 'SupportedAPIs.xml'."
"Message",Normal,"          P/Invoke 'CryptSetProvParam' resolved to 'CryptSetProvParam!advapi32.dll' from 'SupportedAPIs.xml'."
"Message",Normal,"          P/Invoke 'CryptSetProvParam' resolved to 'CryptSetProvParam!advapi32.dll' from 'SupportedAPIs.xml'."
"Message",Normal,"          P/Invoke 'BCryptDestroyKey' resolved to 'BCryptDestroyKey!BCrypt.dll' from 'SupportedAPIs.xml'."
"Message",Normal,"          P/Invoke 'FormatMessageW' resolved to 'FormatMessageW!kernel32.dll' from 'SupportedAPIs.xml'."
"Message",Normal,"          P/Invoke 'NCryptSetProperty' resolved to 'NCryptSetProperty!ncrypt.dll' from 'SupportedAPIs.xml'."
"Message",Normal,"          P/Invoke 'CryptDecodeObject' resolved to 'CryptDecodeObject!crypt32.dll' from 'SupportedAPIs.xml'."
"Message",Normal,"          P/Invoke 'CertFindExtension' resolved to 'CertFindExtension!crypt32.dll' from 'SupportedAPIs.xml'."
"Message",Normal,"          P/Invoke 'CertGetValidUsages' resolved to 'CertGetValidUsages!crypt32.dll' from 'SupportedAPIs.xml'."
"Message",Normal,"          P/Invoke 'CertGetIntendedKeyUsage' resolved to 'CertGetIntendedKeyUsage!crypt32.dll' from 'SupportedAPIs.xml'."
"Message",Normal,"          P/Invoke 'CertVerifyTimeValidity' resolved to 'CertVerifyTimeValidity!crypt32.dll' from 'SupportedAPIs.xml'."
"Message",Normal,"          P/Invoke 'CryptFindOIDInfo' resolved to 'CryptFindOIDInfo!crypt32.dll' from 'SupportedAPIs.xml'."
"Message",Normal,"          P/Invoke 'CryptGenKey' resolved to 'CryptGenKey!advapi32.dll' from 'SupportedAPIs.xml'."
"Message",Normal,"          P/Invoke 'BCryptCreateHash' resolved to 'BCryptCreateHash!BCrypt.dll' from 'SupportedAPIs.xml'."
"Message",Normal,"          P/Invoke 'BCryptGetProperty' resolved to 'BCryptGetProperty!BCrypt.dll' from 'SupportedAPIs.xml'."
"Message",Normal,"          P/Invoke 'BCryptOpenAlgorithmProvider' resolved to 'BCryptOpenAlgorithmProvider!BCrypt.dll' from 'SupportedAPIs.xml'."
"Message",Normal,"          P/Invoke 'BCryptCloseAlgorithmProvider' resolved to 'BCryptCloseAlgorithmProvider!BCrypt.dll' from 'SupportedAPIs.xml'."
"Message",Normal,"          P/Invoke 'BCryptDestroyHash' resolved to 'BCryptDestroyHash!BCrypt.dll' from 'SupportedAPIs.xml'."
"Message",Normal,"          P/Invoke 'getsockname' resolved to 'getsockname!ws2_32.dll' from 'SupportedAPIs.xml'."
"Message",Normal,"          P/Invoke 'getpeername' resolved to 'getpeername!ws2_32.dll' from 'SupportedAPIs.xml'."
"Message",Normal,"          P/Invoke 'WSAStartup' resolved to 'WSAStartup!ws2_32.dll' from 'SupportedAPIs.xml'."
"Message",Normal,"          P/Invoke 'select' resolved to 'select!ws2_32.dll' from 'SupportedAPIs.xml'."
"Message",Normal,"          P/Invoke 'select' resolved to 'select!ws2_32.dll' from 'SupportedAPIs.xml'."
"Message",Normal,"          P/Invoke 'ioctlsocket' resolved to 'ioctlsocket!ws2_32.dll' from 'SupportedAPIs.xml'."
"Message",Normal,"          P/Invoke 'shutdown' resolved to 'shutdown!ws2_32.dll' from 'SupportedAPIs.xml'."
"Message",Normal,"          P/Invoke 'setsockopt' resolved to 'setsockopt!ws2_32.dll' from 'SupportedAPIs.xml'."
"Message",Normal,"          P/Invoke 'recv' resolved to 'recv!ws2_32.dll' from 'SupportedAPIs.xml'."
"Message",Normal,"          P/Invoke 'gethostbyname' resolved to 'gethostbyname!ws2_32.dll' from 'SupportedAPIs.xml'."
"Message",Normal,"          P/Invoke 'WSAIoctl' resolved to 'WSAIoctl!ws2_32.dll' from 'SupportedAPIs.xml'."
"Message",Normal,"          P/Invoke 'RevertToSelf' resolved to 'RevertToSelf!advapi32.dll' from 'SupportedAPIs.xml'."
"Message",Normal,"          P/Invoke 'ImpersonateLoggedOnUser' resolved to 'ImpersonateLoggedOnUser!advapi32.dll' from 'SupportedAPIs.xml'."
"Message",Normal,"          P/Invoke 'GetAddrInfoW' resolved to 'GetAddrInfoW!ws2_32.dll' from 'SupportedAPIs.xml'."
"Message",Normal,"          P/Invoke 'WSASocketW' resolved to 'WSASocketW!ws2_32.dll' from 'SupportedAPIs.xml'."
"Message",Normal,"          P/Invoke 'closesocket' resolved to 'closesocket!ws2_32.dll' from 'SupportedAPIs.xml'."
"Message",Normal,"          P/Invoke 'WSASocketW' resolved to 'WSASocketW!ws2_32.dll' from 'SupportedAPIs.xml'."
"Message",Normal,"          P/Invoke 'WSAConnect' resolved to 'WSAConnect!ws2_32.dll' from 'SupportedAPIs.xml'."
"Message",Normal,"          P/Invoke 'listen' resolved to 'listen!ws2_32.dll' from 'SupportedAPIs.xml'."
"Message",Normal,"          P/Invoke 'WSASocketW' resolved to 'WSASocketW!ws2_32.dll' from 'SupportedAPIs.xml'."
"Message",Normal,"          P/Invoke 'closesocket' resolved to 'closesocket!ws2_32.dll' from 'SupportedAPIs.xml'."
"Message",Normal,"          P/Invoke 'gethostname' resolved to 'gethostname!ws2_32.dll' from 'SupportedAPIs.xml'."
"Message",Normal,"          P/Invoke 'GetCurrentThread' resolved to 'GetCurrentThread!kernel32.dll' from 'SupportedAPIs.xml'."
"Message",Normal,"          P/Invoke 'OpenThreadToken' resolved to 'OpenThreadToken!advapi32.dll' from 'SupportedAPIs.xml'."
"Message",Normal,"          P/Invoke 'GetCurrentProcess' resolved to 'GetCurrentProcess!kernel32.dll' from 'SupportedAPIs.xml'."
"Message",Normal,"          P/Invoke 'OpenProcessToken' resolved to 'OpenProcessToken!advapi32.dll' from 'SupportedAPIs.xml'."
"Message",Normal,"          P/Invoke 'bind' resolved to 'bind!ws2_32.dll' from 'SupportedAPIs.xml'."
"Message",Normal,"          P/Invoke 'getsockopt' resolved to 'getsockopt!ws2_32.dll' from 'SupportedAPIs.xml'."
"Message",Normal,"          P/Invoke 'CloseHandle' resolved to 'CloseHandle!kernel32.dll' from 'SupportedAPIs.xml'."
"Message",Normal,"          P/Invoke 'freeaddrinfo' resolved to 'freeaddrinfo!ws2_32.dll' from 'SupportedAPIs.xml'."
"Message",Normal,"          P/Invoke 'getsockopt' resolved to 'getsockopt!ws2_32.dll' from 'SupportedAPIs.xml'."
"Message",Normal,"          P/Invoke 'getsockopt' resolved to 'getsockopt!ws2_32.dll' from 'SupportedAPIs.xml'."
"Message",Normal,"          P/Invoke 'getsockopt' resolved to 'getsockopt!ws2_32.dll' from 'SupportedAPIs.xml'."
"Message",Normal,"          P/Invoke 'send' resolved to 'send!ws2_32.dll' from 'SupportedAPIs.xml'."
"Message",Normal,"          P/Invoke 'ioctlsocket' resolved to 'ioctlsocket!ws2_32.dll' from 'SupportedAPIs.xml'."
"Message",Normal,"          P/Invoke 'setsockopt' resolved to 'setsockopt!ws2_32.dll' from 'SupportedAPIs.xml'."
"Message",Normal,"          P/Invoke 'LsaGetLogonSessionData' resolved to 'LsaGetLogonSessionData!sspicli.dll' from 'SupportedAPIs.xml'."
"Message",Normal,"          P/Invoke 'WSARecv' resolved to 'WSARecv!ws2_32.dll' from 'SupportedAPIs.xml'."
"Message",Normal,"          P/Invoke 'WSASend' resolved to 'WSASend!ws2_32.dll' from 'SupportedAPIs.xml'."
"Message",Normal,"          P/Invoke 'LsaNtStatusToWinError' resolved to 'LsaNtStatusToWinError!advapi32.dll' from 'SupportedAPIs.xml'."
"Message",Normal,"          P/Invoke 'DuplicateTokenEx' resolved to 'DuplicateTokenEx!advapi32.dll' from 'SupportedAPIs.xml'."
"Message",Normal,"          P/Invoke 'CheckTokenMembershipEx' resolved to 'CheckTokenMembershipEx!kernel32.dll' from 'SupportedAPIs.xml'."
"Message",Normal,"          P/Invoke 'LsaFreeReturnBuffer' resolved to 'LsaFreeReturnBuffer!sspicli.dll' from 'SupportedAPIs.xml'."
"Message",Normal,"          P/Invoke 'accept' resolved to 'accept!ws2_32.dll' from 'SupportedAPIs.xml'."
"Message",Normal,"          P/Invoke 'GetTokenInformation' resolved to 'GetTokenInformation!advapi32.dll' from 'SupportedAPIs.xml'."
"Message",Normal,"          P/Invoke 'LocalAlloc' resolved to 'LocalAlloc!kernel32.dll' from 'SupportedAPIs.xml'."
"Message",Normal,"          P/Invoke 'LocalFree' resolved to 'LocalFree!kernel32.dll' from 'SupportedAPIs.xml'."
"Message",Normal,"          P/Invoke 'GetNameInfoW' resolved to 'GetNameInfoW!ws2_32.dll' from 'SupportedAPIs.xml'."
"Message",Normal,"          P/Invoke 'gethostbyaddr' resolved to 'gethostbyaddr!ws2_32.dll' from 'SupportedAPIs.xml'."
"Message",Normal,"          P/Invoke 'SetFileCompletionNotificationModes' resolved to 'SetFileCompletionNotificationModes!kernel32.dll' from 'SupportedAPIs.xml'."
"Message",Normal,"          P/Invoke 'CertEnumCertificatesInStore' resolved to 'CertEnumCertificatesInStore!crypt32.dll' from 'SupportedAPIs.xml'."
"Message",Normal,"          P/Invoke 'CertVerifyCertificateChainPolicy' resolved to 'CertVerifyCertificateChainPolicy!crypt32.dll' from 'SupportedAPIs.xml'."
"Message",Normal,"          P/Invoke 'LsaLookupSids' resolved to 'LsaLookupSids!advapi32.dll' from 'SupportedAPIs.xml'."
"Message",Normal,"          P/Invoke 'LsaLookupNames2' resolved to 'LsaLookupNames2!advapi32.dll' from 'SupportedAPIs.xml'."
"Message",Normal,"          P/Invoke 'LsaOpenPolicy' resolved to 'LsaOpenPolicy!advapi32.dll' from 'SupportedAPIs.xml'."
"Message",Normal,"          P/Invoke 'LsaClose' resolved to 'LsaClose!advapi32.dll' from 'SupportedAPIs.xml'."
"Message",Normal,"          P/Invoke 'LsaFreeMemory' resolved to 'LsaFreeMemory!advapi32.dll' from 'SupportedAPIs.xml'."
"Message",Normal,"          P/Invoke 'CertFreeCertificateContext' resolved to 'CertFreeCertificateContext!crypt32.dll' from 'SupportedAPIs.xml'."
"Message",Normal,"          P/Invoke 'EncryptMessage' resolved to 'EncryptMessage!sspicli.dll' from 'SupportedAPIs.xml'."
"Message",Normal,"          P/Invoke 'DecryptMessage' resolved to 'DecryptMessage!sspicli.dll' from 'SupportedAPIs.xml'."
"Message",Normal,"          P/Invoke 'EnumerateSecurityPackagesW' resolved to 'EnumerateSecurityPackagesW!sspicli.dll' from 'SupportedAPIs.xml'."
"Message",Normal,"          P/Invoke 'ApplyControlToken' resolved to 'ApplyControlToken!sspicli.dll' from 'SupportedAPIs.xml'."
"Message",Normal,"          P/Invoke 'FreeContextBuffer' resolved to 'FreeContextBuffer!sspicli.dll' from 'SupportedAPIs.xml'."
"Message",Normal,"          P/Invoke 'AcceptSecurityContext' resolved to 'AcceptSecurityContext!sspicli.dll' from 'SupportedAPIs.xml'."
"Message",Normal,"          P/Invoke 'DeleteSecurityContext' resolved to 'DeleteSecurityContext!sspicli.dll' from 'SupportedAPIs.xml'."
"Message",Normal,"          P/Invoke 'InitializeSecurityContextW' resolved to 'InitializeSecurityContextW!sspicli.dll' from 'SupportedAPIs.xml'."
"Message",Normal,"          P/Invoke 'QueryContextAttributesW' resolved to 'QueryContextAttributesW!sspicli.dll' from 'SupportedAPIs.xml'."
"Message",Normal,"          P/Invoke 'AcquireCredentialsHandleW' resolved to 'AcquireCredentialsHandleW!sspicli.dll' from 'SupportedAPIs.xml'."
"Message",Normal,"          P/Invoke 'FreeCredentialsHandle' resolved to 'FreeCredentialsHandle!sspicli.dll' from 'SupportedAPIs.xml'."
"Message",High,"  Generating code..."
"Message",High,"  Interop code generated."
"Message",Normal,"  Written code to AssemblyInfo.g.cs"
"Message",Normal,"  Written code to Adapters.g.cs"
"Message",Normal,"  Written code to Data.g.cs"
"Message",Normal,"  Written code to Helpers.g.cs"
"Message",Normal,"  Written code to ImplTypes.g.cs"
"Message",Normal,"  Written code to PInvoke.g.cs"
"Message",Normal,"  Written code to SafeTypes.g.cs"
"Message",Normal,"  Written code to SharedStubs.g.cs"
"Message",Normal,"Executando a transformação 'GenerateCodeAndCompile', heap em 305 MB."
"Message",High,"Compilando código de interop"
"Message",Normal,"Compilando código-fonte gerado: C:\Program Files (x86)\Microsoft SDKs\UWPNuGetPackages\microsoft.net.native.compiler\2.1.8\tools\csc\csc.exe /noconfig @""C:\POSI-DigitalPrinter\posi-digitalprinter\posi-digitalprinter-uwp\obj\x64\Release\ilc\intermediate\POSIDigitalPrinter.McgInterop.rsp"""
"Message",High,"Gerando o código de proxy System.Reflection.DispatchProxy."
"Message",Normal,"Executando a transformação 'ReducedCopyInitialize', heap em 305 MB."
"Message",Normal,"Executando a transformação 'ReducedCopyEmptyTypes', heap em 326 MB."
"Message",Normal,"Executando a transformação 'ReducedCopyPopulateTypes', heap em 332 MB."
"Message",Normal,"Executando a transformação 'ReducedCopyLateMetadata', heap em 366 MB."
"Message",Normal,"Executando a transformação 'ReducedCopyPassResourcesToMutableAssembly', heap em 390 MB."
"Message",Normal,"Executando a transformação 'ReducedCopyMethodBodies', heap em 395 MB."
"Message",Normal,"Executando a transformação 'ReducedCopyComplete', heap em 376 MB."
"Message",Normal,"Executando a transformação 'ReducedCopyCleanup', heap em 355 MB."
"Message",Normal,"Executando a transformação 'DeveloperExperienceModeOnlyCodeRemover', heap em 355 MB."
"Message",Normal,"Executando a transformação 'ComImportDetector', heap em 355 MB."
"Message",Normal,"Executando a transformação 'McgAccessor', heap em 355 MB."
"Message",Normal,"Executando a transformação 'McgRedirect', heap em 356 MB."
"Message",Normal,"Executando a transformação 'McgRedirect', heap em 362 MB."
"Message",Normal,"Executando a transformação 'McgTypeOf', heap em 363 MB."
"Message",Normal,"Executando a transformação 'EventSource', heap em 364 MB."
"Message",Normal,"Executando a transformação 'ValueType', heap em 365 MB."
"Message",Normal,"Executando a transformação 'Attribute', heap em 365 MB."
"Message",Normal,"Executando a transformação 'GetType', heap em 366 MB."
"Message",Normal,"Executando a transformação 'McgFixups', heap em 367 MB."
"Message",Normal,"Executando a transformação 'ResourceManagerCtor', heap em 368 MB."
"Message",Normal,"Executando a transformação 'TypeofTypeHandle', heap em 368 MB."
"Message",Normal,"Executando a transformação 'DispatchProxyIntrinsics', heap em 374 MB."
"Message",Normal,"Executando a transformação 'StaticInitData', heap em 374 MB."
"Message",Normal,"Executando a transformação 'Delegate', heap em 388 MB."
"Message",Normal,"Executando a transformação 'LazyGenerics', heap em 391 MB."
"Message",Normal,"Executando a transformação 'AddReflectionBlockedAttributes', heap em 422 MB."
"Message",Normal,"Executando a transformação 'DisableOptimization', heap em 422 MB."
"Message",Normal,"Executando a transformação 'ResourceExtractor', heap em 422 MB."
"Message",Normal,"Executando a transformação 'CreateMetadata', heap em 424 MB."
"Message",Normal,"Executando a transformação 'StartupCodeInjector', heap em 475 MB."
"Message",Normal,"Executando a transformação 'SaveRVAStatics', heap em 475 MB."
"Message",Normal,"Executando a transformação 'ReflectionInvoke', heap em 477 MB."
"Message",Normal,"Executando a transformação 'ScrubOpenCalls', heap em 480 MB."
"Message",Normal,"Executando a transformação 'ConvertCatchIntoFilter', heap em 480 MB."
"Message",Normal,"Executando a transformação 'ReflectionMappingInfoEmit', heap em 480 MB."
"Message",Normal,"Executando a transformação 'ReflectionIntrinsics', heap em 484 MB."
"Message",Normal,"Executando a transformação 'ConvertManagedWinMD', heap em 484 MB."
"Message",Normal,"Executando a transformação 'DebuggerGuidedStepThroughJmc', heap em 484 MB."
"Message",Normal,"Executando a transformação 'Reducer', heap em 488 MB."
"Message",High,"Limpando código sem referência"
"Message",Normal,"Executando a transformação 'WriteAssemblies', heap em 476 MB."
"Message",Normal,""
"Message",Normal,"Resumo da transformação"
"Message",Normal,"    ms | delta do heap | nome"
"Message",Normal," 12411 |        234 | Analysis"
"Message",Normal,"  3191 |          6 | WriteAssemblies"
"Message",Normal,"  2037 |          0 | GenerateCodeAndCompile"
"Message",Normal,"  1973 |        -12 | Reducer"
"Message",Normal,"  1100 |         36 | Mcg"
"Message",Normal,"   640 |         21 | ReducedCopyInitialize"
"Message",Normal,"   414 |        -19 | ReducedCopyMethodBodies"
"Message",Normal,"   408 |        -21 | ReducedCopyComplete"
"Message",Normal,"   350 |         14 | DumpNativeResources"
"Message",Normal,"   331 |         51 | CreateMetadata"
"Message",Normal,"   222 |          1 | McgTypeOf"
"Message",Normal,"   192 |         34 | ReducedCopyPopulateTypes"
"Message",Normal,"   184 |          2 | ResourceExtractor"
"Message",Normal,"   153 |         31 | LazyGenerics"
"Message",Normal,"   121 |          6 | McgRedirect"
"Message",Normal,"   114 |         14 | StaticInitData"
"Message",Normal,"   113 |         24 | ReducedCopyLateMetadata"
"Message",Normal,"    79 |          1 | McgRedirect"
"Message",Normal,"    61 |          6 | TypeofTypeHandle"
"Message",Normal,"    28 |          2 | SaveRVAStatics"
"Message",Normal,"    24 |          1 | GetType"
"Message",Normal,"    17 |          4 | DebuggerGuidedStepThroughJmc"
"Message",Normal,"    17 |          6 | ReducedCopyEmptyTypes"
"Message",Normal,"    14 |          0 | ScrubOpenCalls"
"Message",Normal,"    13 |          0 | DispatchProxyIntrinsics"
"Message",Normal,"    12 |          0 | ReflectionIntrinsics"
"Message",Normal,"     9 |          3 | ReflectionInvoke"
"Message",Normal,"     7 |          1 | McgFixups"
"Message",Normal,"     7 |          5 | ReducedCopyPassResourcesToMutableAssembly"
"Message",Normal,"     6 |          4 | ReflectionMappingInfoEmit"
"Message",Normal,"     6 |          1 | McgAccessor"
"Message",Normal,"     6 |          3 | Delegate"
"Message",Normal,"     5 |          0 | ConvertCatchIntoFilter"
"Message",Normal,"     3 |          1 | Attribute"
"Message",Normal,"     3 |          1 | EventSource"
"Message",Normal,"     2 |          0 | ReducedCopyCleanup"
"Message",Normal,"     2 |          0 | AddReflectionBlockedAttributes"
"Message",Normal,"     1 |          0 | ValueType"
"Message",Normal,"     0 |          0 | DeveloperExperienceModeOnlyCodeRemover"
"Message",Normal,"     0 |          0 | StartupCodeInjector"
"Message",Normal,"     0 |          0 | ComImportDetector"
"Message",Normal,"     0 |          0 | ResourceManagerCtor"
"Message",Normal,"     0 |          0 | ConvertManagedWinMD"
"Message",Normal,"     0 |          0 | DisableOptimization"
"Message",Low,"Concluída a execução da tarefa ""RunILTransforms""."
"Message",Low,"Destino de compilação pronto ""RunILTransforms"" no arquivo ""ILTransforms""."
"Message",Low,"Projeto de compilação pronto ""ILTransforms""."
"Message",Low,""
"Message",Low,""
"Message",Low,"Destino de compilação pronto ""GenerateMDIL"" no arquivo ""Nutc""."
"Message",Low,""
"Message",High,"Gerando código nativo"
"Message",Low,"Destino de compilação pronto ""MDILPrepareMultiFile"" no arquivo ""Nutc""."
"Message",Low,""
"Message",Low,"Destino de compilação pronto ""SetBinaryForReferences"" no arquivo ""Nutc""."
"Message",Low,""
"Message",Low,"Tarefa ""GenerateMDILGlobalAnalysis"""
"Message",Normal,"Iniciando 'C:\Program Files (x86)\Microsoft SDKs\UWPNuGetPackages\runtime.win10-x64.microsoft.net.native.compiler\2.1.8\tools\x64\ilc\Tools\nutc_driver.exe @""C:\POSI-DigitalPrinter\posi-digitalprinter\posi-digitalprinter-uwp\obj\x64\Release\ilc\intermediate\MDIL\POSIDigitalPrinter.rsp""'"
"Message",Low,"Microsoft (R) MDIL Compiler - Version 2.1.26424.01"
"Message",Low,"Copyright (c) Microsoft Corporation.  All rights reserved."
"Message",Low,"Verificando tipos de entrada"
"Message",Low,"Verificando 13757 métodos."
"Message",Low,"Verificando 9316 métodos."
"Message",Low,"Verificando 6007 métodos."
"Message",Low,"Verificando 4303 métodos."
"Message",Low,"Verificando 3688 métodos."
"Message",Low,"Verificando 2474 métodos."
"Message",Low,"Verificando 2140 métodos."
"Message",Low,"Verificando 1191 métodos."
"Message",Low,"Verificando 987 métodos."
"Message",Low,"Verificando 724 métodos."
"Message",Low,"Verificando 661 métodos."
"Message",Low,"Verificando 680 métodos."
"Message",Low,"Verificando 537 métodos."
"Message",Low,"Verificando 414 métodos."
"Message",Low,"Verificando 346 métodos."
"Message",Low,"Verificando 236 métodos."
"Message",Low,"Verificando 78 métodos."
"Message",Low,"Verificando 115 métodos."
"Message",Low,"Verificando 34 métodos."
"Message",Low,"Verificando 17 métodos."
"Message",Low,"Verificando 14 métodos."
"Message",Low,"Verificando 13 métodos."
"Message",Low,"Geração de código adiantado"
"Message",Low,"Compilando 47732 métodos."
"Message",Low,"Geração de código adiada"
"Message",Low,"Compilando 12 métodos."
"Message",Low,"Compilando 6 métodos."
"Message",Low,"Compilando 10 métodos."
"Message",Low,"A chamada para o método gerenciado Initialize foi bem-sucedida; código de saída: 0 ao gerar CTL.Estatísticas de metadados de rastreamento de pilha"
"Message",Low,"Númeero de métodos emitidos:   25131"
"Message",Low,"Tamanho do blob de metadados:          527395"
"Message",Low,"Método RVA – tamanho do mapa do token: 201048"
"Message",Low,"Tamanho nativo total:           728443"
"Message",Low,"'C:\POSI-DigitalPrinter\posi-digitalprinter\posi-digitalprinter-uwp\obj\x64\Release\ilc\intermediate\MDIL\POSIDigitalPrinter.mdilexe' gerado com sucesso"
"Message",Low,"'C:\POSI-DigitalPrinter\posi-digitalprinter\posi-digitalprinter-uwp\obj\x64\Release\ilc\intermediate\MDIL\POSIDigitalPrinter.mdilpdb' gerado com sucesso"
"Message",Low,"Compilado para código MDIL."
"Message",Normal,"'C:\Program Files (x86)\Microsoft SDKs\UWPNuGetPackages\runtime.win10-x64.microsoft.net.native.compiler\2.1.8\tools\x64\ilc\Tools\nutc_driver.exe @""C:\POSI-DigitalPrinter\posi-digitalprinter\posi-digitalprinter-uwp\obj\x64\Release\ilc\intermediate\MDIL\POSIDigitalPrinter.rsp""' concluído."
"Message",Normal,"Estatísticas de execução do processo (todos os horários em milissegundos)"
"Message",Normal,"-----------------------------------------------------------------------------"
"Message",Normal,"inicialização  |  iniciar   |   parar  |   término   | duração | tempo de vida | nome [slot]"
"Message",Normal,"-----------------------------------------------------------------------------"
"Message",Normal,"       0 |       47 |    32656 |    32656 |    32609 |    32656 | [0] Nutc GlobalAnalysis"
"Message",Normal,"Número de comandos:      1"
"Message",Normal,"Tempo do sistema total:       32656 ms"
"Message",Normal,"Tempo do sistema por comando: 32656 ms"
"Message",Normal,"Duração total:          32609 ms"
"Message",Normal,"Tempo de vida total:          32656 ms"
"Message",Normal,"DOP solicitado:           8"
"Message",Normal,"DOP de Duração:            1,0"
"Message",Normal,"DOP de tempo de vida:            1,0"
"Message",Low,"Concluída a execução da tarefa ""GenerateMDILGlobalAnalysis""."
"Message",Low,"Destino de compilação pronto ""GenerateMDILGlobalAnalysis"" no arquivo ""Nutc""."
"Message",Low,""
"Message",Low,"Tarefa ""rc"""
"Message",Normal,"Iniciando 'C:\Program Files (x86)\Windows Kits\10\bin\10.0.17134.0\x64\rc.exe /c ""65001"" /r /fo ""C:\POSI-DigitalPrinter\posi-digitalprinter\posi-digitalprinter-uwp\obj\x64\Release\ilc\intermediate\BuildInfo\BuildInfo.res"" ""C:\POSI-DigitalPrinter\posi-digitalprinter\posi-digitalprinter-uwp\obj\x64\Release\ilc\intermediate\BuildInfo\BuildInfo.rc""'"
"Message",Low,"Microsoft (R) Windows (R) Resource Compiler Version 10.0.10011.16384"
"Message",Low,"Copyright (C) Microsoft Corporation.  All rights reserved."
"Message",Normal,"'C:\Program Files (x86)\Windows Kits\10\bin\10.0.17134.0\x64\rc.exe /c ""65001"" /r /fo ""C:\POSI-DigitalPrinter\posi-digitalprinter\posi-digitalprinter-uwp\obj\x64\Release\ilc\intermediate\BuildInfo\BuildInfo.res"" ""C:\POSI-DigitalPrinter\posi-digitalprinter\posi-digitalprinter-uwp\obj\x64\Release\ilc\intermediate\BuildInfo\BuildInfo.rc""' concluído."
"Message",Normal,"Estatísticas de execução do processo (todos os horários em milissegundos)"
"Message",Normal,"-----------------------------------------------------------------------------"
"Message",Normal,"inicialização  |  iniciar   |   parar  |   término   | duração | tempo de vida | nome [slot]"
"Message",Normal,"-----------------------------------------------------------------------------"
"Message",Normal,"       0 |       32 |       63 |       63 |       31 |       63 | [0] rc"
"Message",Normal,"Número de comandos:      1"
"Message",Normal,"Tempo do sistema total:       63 ms"
"Message",Normal,"Tempo do sistema por comando: 63 ms"
"Message",Normal,"Duração total:          31 ms"
"Message",Normal,"Tempo de vida total:          63 ms"
"Message",Normal,"DOP solicitado:           8"
"Message",Normal,"DOP de Duração:            0,5"
"Message",Normal,"DOP de tempo de vida:            1,0"
"Message",Low,"Concluída a execução da tarefa ""rc""."
"Message",Low,"Tarefa ""ResourceBinaryConcatenate"""
"Message",Normal,"Concatenando em 'C:\POSI-DigitalPrinter\posi-digitalprinter\posi-digitalprinter-uwp\obj\x64\Release\ilc\intermediate\Native.res' com alinhamento '4'."
"Message",Normal," 'C:\POSI-DigitalPrinter\posi-digitalprinter\posi-digitalprinter-uwp\obj\x64\Release\ilc\intermediate\ILTransformed\POSIDigitalPrinter.res' adicionado no deslocamento 0."
"Message",Normal," 'C:\POSI-DigitalPrinter\posi-digitalprinter\posi-digitalprinter-uwp\obj\x64\Release\ilc\intermediate\BuildInfo\BuildInfo.res' adicionado no deslocamento 1464."
"Message",Low,"Concluída a execução da tarefa ""ResourceBinaryConcatenate""."
"Message",Low,"Destino de compilação pronto ""GenerateBuildInfo"" no arquivo ""Nutc""."
"Message",Low,"Projeto de compilação pronto ""Nutc""."
"Message",Low,""
"Message",Low,""
"Message",Low,"Destino de compilação pronto ""MDILBindPrepare"" no arquivo ""Binder""."
"Message",Low,""
"Message",High,"Gerando correções para código nativo"
"Message",Low,"Tarefa ""MDILBind"""
"Message",Normal,"Iniciando 'C:\Program Files (x86)\Microsoft SDKs\UWPNuGetPackages\runtime.win10-x64.microsoft.net.native.compiler\2.1.8\tools\x64\ilc\Tools\rhbind.exe @""C:\POSI-DigitalPrinter\posi-digitalprinter\posi-digitalprinter-uwp\obj\x64\Release\ilc\intermediate\rhbindargs.POSIDigitalPrinter.rsp""'"
"Message",Low,"VERSÃO DO SISTEMA OPERACIONAL: maior: 6  menor: 2"
"Message",Low,"MDIL: C:\POSI-DigitalPrinter\posi-digitalprinter\posi-digitalprinter-uwp\obj\x64\Release\ilc\intermediate\MDIL\POSIDigitalPrinter.mdilexe"
"Message",Low,"MDILPDB: C:\POSI-DigitalPrinter\posi-digitalprinter\posi-digitalprinter-uwp\obj\x64\Release\ilc\intermediate\MDIL\POSIDigitalPrinter.mdilpdb"
"Message",Low,"IL: C:\POSI-DigitalPrinter\posi-digitalprinter\posi-digitalprinter-uwp\obj\x64\Release\ilc\intermediate\MDIL\POSIDigitalPrinter.ilexe"
"Message",Low,"NI: C:\POSI-DigitalPrinter\posi-digitalprinter\posi-digitalprinter-uwp\obj\x64\Release\ilc\intermediate\Native\POSIDigitalPrinter.dll"
"Message",Low,"SHIM: C:\POSI-DigitalPrinter\posi-digitalprinter\posi-digitalprinter-uwp\obj\x64\Release\ilc\intermediate\Native\POSIDigitalPrinter.exe"
"Message",Low,"REDHAWK_RUNTIME_DLL_NAME_A=mrt100_app.dll"
"Message",Low,"pdb: C:\POSI-DigitalPrinter\posi-digitalprinter\posi-digitalprinter-uwp\obj\x64\Release\ilc\intermediate\Native\POSIDigitalPrinter.pdb"
"Message",Low,"Produzido C:\POSI-DigitalPrinter\posi-digitalprinter\posi-digitalprinter-uwp\obj\x64\Release\ilc\intermediate\Native\POSIDigitalPrinter.dll em 2.469 segundos"
"Message",Normal,"'C:\Program Files (x86)\Microsoft SDKs\UWPNuGetPackages\runtime.win10-x64.microsoft.net.native.compiler\2.1.8\tools\x64\ilc\Tools\rhbind.exe @""C:\POSI-DigitalPrinter\posi-digitalprinter\posi-digitalprinter-uwp\obj\x64\Release\ilc\intermediate\rhbindargs.POSIDigitalPrinter.rsp""' concluído."
"Message",Normal,"Estatísticas de execução do processo (todos os horários em milissegundos)"
"Message",Normal,"-----------------------------------------------------------------------------"
"Message",Normal,"inicialização  |  iniciar   |   parar  |   término   | duração | tempo de vida | nome [slot]"
"Message",Normal,"-----------------------------------------------------------------------------"
"Message",Normal,"       0 |       62 |     2937 |     2937 |     2875 |     2937 | [0] rhbind POSIDigitalPrinter"
"Message",Normal,"Número de comandos:      1"
"Message",Normal,"Tempo do sistema total:       2937 ms"
"Message",Normal,"Tempo do sistema por comando: 2937 ms"
"Message",Normal,"Duração total:          2875 ms"
"Message",Normal,"Tempo de vida total:          2937 ms"
"Message",Normal,"DOP solicitado:           8"
"Message",Normal,"DOP de Duração:            1,0"
"Message",Normal,"DOP de tempo de vida:            1,0"
"Message",Low,"Concluída a execução da tarefa ""MDILBind""."
"Message",Low,"Destino de compilação pronto ""MDILBind"" no arquivo ""Binder""."
"Message",Low,"Projeto de compilação pronto ""Binder""."
"Message",Low,""
"Message",Low,""
"Message",Low,"Destino de compilação pronto ""CopyNativeExecutablesToOutput"" no arquivo ""Deployment""."
"Message",Low,""
"Message",Low,"Tarefa ""TransformAppxManifest"""
"Message",Low,"Concluída a execução da tarefa ""TransformAppxManifest""."
"Message",Low,"Destino de compilação pronto ""TransformAppxManifestAndAddCrt"" no arquivo ""Deployment""."
"Message",Low,""
"Message",Low,"Destino de compilação pronto ""CopyPackageResourceFileInRetailBuild"" no arquivo ""Deployment""."
"Message",Low,"Projeto de compilação pronto ""Deployment""."
"Message",Low,"Compilação concluída"
